case_id,policy,pod,phase,annotation
0,spread,dqn-better-0-spread-corehi-1-0,Running,"GPU-27be0024-0498-4114-e6b9-b2d0db148309,NVIDIA,4000,35:"
0,spread,dqn-better-0-spread-corehi-1-1,Running,"GPU-7b94f673-ce00-719b-2c94-706baa032dae,NVIDIA,4000,35:"
0,spread,dqn-better-0-spread-memhi-0-0,Running,"GPU-fb6aaeaf-9ca4-3c9a-7b3b-f56714c1f7cd,NVIDIA,8000,10:"
0,spread,dqn-better-0-spread-memhi-0-1,Running,"GPU-28cf7186-0bdd-be9f-92e5-3c59b4e92c1e,NVIDIA,8000,10:"
0,spread,dqn-better-0-spread-normal-2-0,Running,"GPU-28cf7186-0bdd-be9f-92e5-3c59b4e92c1e,NVIDIA,4000,15:"
0,spread,dqn-better-0-spread-normal-2-1,Running,"GPU-27be0024-0498-4114-e6b9-b2d0db148309,NVIDIA,4000,15:"
0,spread,dqn-better-0-spread-normal-2-2,Running,"GPU-7b94f673-ce00-719b-2c94-706baa032dae,NVIDIA,4000,15:"
0,spread,dqn-better-0-spread-normal-2-3,Running,"GPU-fb6aaeaf-9ca4-3c9a-7b3b-f56714c1f7cd,NVIDIA,4000,15:"
0,binpack,dqn-better-0-binpack-corehi-1-0,Running,"GPU-27be0024-0498-4114-e6b9-b2d0db148309,NVIDIA,4000,35:"
0,binpack,dqn-better-0-binpack-corehi-1-1,Running,"GPU-27be0024-0498-4114-e6b9-b2d0db148309,NVIDIA,4000,35:"
0,binpack,dqn-better-0-binpack-memhi-0-0,Running,"GPU-27be0024-0498-4114-e6b9-b2d0db148309,NVIDIA,8000,10:"
0,binpack,dqn-better-0-binpack-memhi-0-1,Running,"GPU-28cf7186-0bdd-be9f-92e5-3c59b4e92c1e,NVIDIA,8000,10:"
0,binpack,dqn-better-0-binpack-normal-2-0,Running,"GPU-27be0024-0498-4114-e6b9-b2d0db148309,NVIDIA,4000,15:"
0,binpack,dqn-better-0-binpack-normal-2-1,Running,"GPU-28cf7186-0bdd-be9f-92e5-3c59b4e92c1e,NVIDIA,4000,15:"
0,binpack,dqn-better-0-binpack-normal-2-2,Running,"GPU-28cf7186-0bdd-be9f-92e5-3c59b4e92c1e,NVIDIA,4000,15:"
0,binpack,dqn-better-0-binpack-normal-2-3,Running,"GPU-28cf7186-0bdd-be9f-92e5-3c59b4e92c1e,NVIDIA,4000,15:"
0,original,dqn-better-0-original-corehi-1-0,Running,"GPU-27be0024-0498-4114-e6b9-b2d0db148309,NVIDIA,4000,35:"
0,original,dqn-better-0-original-corehi-1-1,Running,"GPU-28cf7186-0bdd-be9f-92e5-3c59b4e92c1e,NVIDIA,4000,35:"
0,original,dqn-better-0-original-memhi-0-0,Running,"GPU-27be0024-0498-4114-e6b9-b2d0db148309,NVIDIA,8000,10:"
0,original,dqn-better-0-original-memhi-0-1,Running,"GPU-28cf7186-0bdd-be9f-92e5-3c59b4e92c1e,NVIDIA,8000,10:"
0,original,dqn-better-0-original-normal-2-0,Running,"GPU-27be0024-0498-4114-e6b9-b2d0db148309,NVIDIA,4000,15:"
0,original,dqn-better-0-original-normal-2-1,Running,"GPU-27be0024-0498-4114-e6b9-b2d0db148309,NVIDIA,4000,15:"
0,original,dqn-better-0-original-normal-2-2,Running,"GPU-27be0024-0498-4114-e6b9-b2d0db148309,NVIDIA,4000,15:"
0,original,dqn-better-0-original-normal-2-3,Running,"GPU-28cf7186-0bdd-be9f-92e5-3c59b4e92c1e,NVIDIA,4000,15:"
0,random,dqn-better-0-random-corehi-1-0,Running,"GPU-27be0024-0498-4114-e6b9-b2d0db148309,NVIDIA,4000,35:"
0,random,dqn-better-0-random-corehi-1-1,Running,"GPU-fb6aaeaf-9ca4-3c9a-7b3b-f56714c1f7cd,NVIDIA,4000,35:"
0,random,dqn-better-0-random-memhi-0-0,Running,"GPU-27be0024-0498-4114-e6b9-b2d0db148309,NVIDIA,8000,10:"
0,random,dqn-better-0-random-memhi-0-1,Running,"GPU-7b94f673-ce00-719b-2c94-706baa032dae,NVIDIA,8000,10:"
0,random,dqn-better-0-random-normal-2-0,Running,"GPU-7b94f673-ce00-719b-2c94-706baa032dae,NVIDIA,4000,15:"
0,random,dqn-better-0-random-normal-2-1,Running,"GPU-7b94f673-ce00-719b-2c94-706baa032dae,NVIDIA,4000,15:"
0,random,dqn-better-0-random-normal-2-2,Running,"GPU-7b94f673-ce00-719b-2c94-706baa032dae,NVIDIA,4000,15:"
0,random,dqn-better-0-random-normal-2-3,Running,"GPU-28cf7186-0bdd-be9f-92e5-3c59b4e92c1e,NVIDIA,4000,15:"
0,dqn-job,dqn-better-0-dqn-job-corehi-1-0,Running,"GPU-7b94f673-ce00-719b-2c94-706baa032dae,NVIDIA,4000,35:"
0,dqn-job,dqn-better-0-dqn-job-corehi-1-1,Running,"GPU-fb6aaeaf-9ca4-3c9a-7b3b-f56714c1f7cd,NVIDIA,4000,35:"
0,dqn-job,dqn-better-0-dqn-job-memhi-0-0,Running,"GPU-28cf7186-0bdd-be9f-92e5-3c59b4e92c1e,NVIDIA,8000,10:"
0,dqn-job,dqn-better-0-dqn-job-memhi-0-1,Running,"GPU-27be0024-0498-4114-e6b9-b2d0db148309,NVIDIA,8000,10:"
0,dqn-job,dqn-better-0-dqn-job-normal-2-0,Running,"GPU-7b94f673-ce00-719b-2c94-706baa032dae,NVIDIA,4000,15:"
0,dqn-job,dqn-better-0-dqn-job-normal-2-1,Running,"GPU-fb6aaeaf-9ca4-3c9a-7b3b-f56714c1f7cd,NVIDIA,4000,15:"
0,dqn-job,dqn-better-0-dqn-job-normal-2-2,Running,"GPU-27be0024-0498-4114-e6b9-b2d0db148309,NVIDIA,4000,15:"
0,dqn-job,dqn-better-0-dqn-job-normal-2-3,Running,"GPU-28cf7186-0bdd-be9f-92e5-3c59b4e92c1e,NVIDIA,4000,15:"
1,spread,dqn-better-1-spread-corehi-2-0,Running,"GPU-7b94f673-ce00-719b-2c94-706baa032dae,NVIDIA,4000,35:"
1,spread,dqn-better-1-spread-corehi-2-1,Running,"GPU-28cf7186-0bdd-be9f-92e5-3c59b4e92c1e,NVIDIA,4000,35:"
1,spread,dqn-better-1-spread-memhi-1-0,Failed,"GPU-27be0024-0498-4114-e6b9-b2d0db148309,NVIDIA,8000,10:"
1,spread,dqn-better-1-spread-memhi-1-1,Failed,"GPU-fb6aaeaf-9ca4-3c9a-7b3b-f56714c1f7cd,NVIDIA,8000,10:"
1,spread,dqn-better-1-spread-pair-0-0,Failed,"GPU-28cf7186-0bdd-be9f-92e5-3c59b4e92c1e,NVIDIA,4000,15:GPU-fb6aaeaf-9ca4-3c9a-7b3b-f56714c1f7cd,NVIDIA,4000,15:"
1,spread,dqn-better-1-spread-pair-0-1,Failed,"GPU-7b94f673-ce00-719b-2c94-706baa032dae,NVIDIA,4000,15:GPU-27be0024-0498-4114-e6b9-b2d0db148309,NVIDIA,4000,15:"
1,binpack,dqn-better-1-binpack-corehi-2-0,Running,"GPU-27be0024-0498-4114-e6b9-b2d0db148309,NVIDIA,4000,35:"
1,binpack,dqn-better-1-binpack-corehi-2-1,Failed,"GPU-28cf7186-0bdd-be9f-92e5-3c59b4e92c1e,NVIDIA,4000,35:"
1,binpack,dqn-better-1-binpack-memhi-1-0,Running,"GPU-27be0024-0498-4114-e6b9-b2d0db148309,NVIDIA,8000,10:"
1,binpack,dqn-better-1-binpack-memhi-1-1,Running,"GPU-28cf7186-0bdd-be9f-92e5-3c59b4e92c1e,NVIDIA,8000,10:"
1,binpack,dqn-better-1-binpack-pair-0-0,Running,"GPU-27be0024-0498-4114-e6b9-b2d0db148309,NVIDIA,4000,15:GPU-28cf7186-0bdd-be9f-92e5-3c59b4e92c1e,NVIDIA,4000,15:"
1,binpack,dqn-better-1-binpack-pair-0-1,Failed,"GPU-27be0024-0498-4114-e6b9-b2d0db148309,NVIDIA,4000,15:GPU-28cf7186-0bdd-be9f-92e5-3c59b4e92c1e,NVIDIA,4000,15:"
1,original,dqn-better-1-original-corehi-2-0,Running,"GPU-27be0024-0498-4114-e6b9-b2d0db148309,NVIDIA,4000,35:"
1,original,dqn-better-1-original-corehi-2-1,Failed,"GPU-27be0024-0498-4114-e6b9-b2d0db148309,NVIDIA,4000,35:"
1,original,dqn-better-1-original-memhi-1-0,Running,"GPU-27be0024-0498-4114-e6b9-b2d0db148309,NVIDIA,8000,10:"
1,original,dqn-better-1-original-memhi-1-1,Running,"GPU-28cf7186-0bdd-be9f-92e5-3c59b4e92c1e,NVIDIA,8000,10:"
1,original,dqn-better-1-original-pair-0-0,Failed,"GPU-27be0024-0498-4114-e6b9-b2d0db148309,NVIDIA,4000,15:GPU-28cf7186-0bdd-be9f-92e5-3c59b4e92c1e,NVIDIA,4000,15:"
1,original,dqn-better-1-original-pair-0-1,Running,"GPU-28cf7186-0bdd-be9f-92e5-3c59b4e92c1e,NVIDIA,4000,15:GPU-fb6aaeaf-9ca4-3c9a-7b3b-f56714c1f7cd,NVIDIA,4000,15:"
1,random,dqn-better-1-random-corehi-2-0,Running,"GPU-7b94f673-ce00-719b-2c94-706baa032dae,NVIDIA,4000,35:"
1,random,dqn-better-1-random-corehi-2-1,Running,"GPU-28cf7186-0bdd-be9f-92e5-3c59b4e92c1e,NVIDIA,4000,35:"
1,random,dqn-better-1-random-memhi-1-0,Failed,"GPU-28cf7186-0bdd-be9f-92e5-3c59b4e92c1e,NVIDIA,8000,10:"
1,random,dqn-better-1-random-memhi-1-1,Failed,"GPU-27be0024-0498-4114-e6b9-b2d0db148309,NVIDIA,8000,10:"
1,random,dqn-better-1-random-pair-0-0,Failed,"GPU-27be0024-0498-4114-e6b9-b2d0db148309,NVIDIA,4000,15:GPU-28cf7186-0bdd-be9f-92e5-3c59b4e92c1e,NVIDIA,4000,15:"
1,random,dqn-better-1-random-pair-0-1,Failed,"GPU-28cf7186-0bdd-be9f-92e5-3c59b4e92c1e,NVIDIA,4000,15:GPU-27be0024-0498-4114-e6b9-b2d0db148309,NVIDIA,4000,15:"
1,dqn-job,dqn-better-1-dqn-job-corehi-2-0,Running,"GPU-7b94f673-ce00-719b-2c94-706baa032dae,NVIDIA,4000,35:"
1,dqn-job,dqn-better-1-dqn-job-corehi-2-1,Running,"GPU-fb6aaeaf-9ca4-3c9a-7b3b-f56714c1f7cd,NVIDIA,4000,35:"
1,dqn-job,dqn-better-1-dqn-job-memhi-1-0,Running,"GPU-7b94f673-ce00-719b-2c94-706baa032dae,NVIDIA,8000,10:"
1,dqn-job,dqn-better-1-dqn-job-memhi-1-1,Failed,"GPU-28cf7186-0bdd-be9f-92e5-3c59b4e92c1e,NVIDIA,8000,10:"
1,dqn-job,dqn-better-1-dqn-job-pair-0-0,Failed,"GPU-27be0024-0498-4114-e6b9-b2d0db148309,NVIDIA,4000,15:GPU-28cf7186-0bdd-be9f-92e5-3c59b4e92c1e,NVIDIA,4000,15:"
1,dqn-job,dqn-better-1-dqn-job-pair-0-1,Running,"GPU-fb6aaeaf-9ca4-3c9a-7b3b-f56714c1f7cd,NVIDIA,4000,15:GPU-27be0024-0498-4114-e6b9-b2d0db148309,NVIDIA,4000,15:"
2,spread,dqn-better-2-spread-corehi-2-0,Running,"GPU-7b94f673-ce00-719b-2c94-706baa032dae,NVIDIA,4000,35:"
2,spread,dqn-better-2-spread-corehi-2-1,Running,"GPU-27be0024-0498-4114-e6b9-b2d0db148309,NVIDIA,4000,35:"
2,spread,dqn-better-2-spread-corehi-2-2,Running,"GPU-fb6aaeaf-9ca4-3c9a-7b3b-f56714c1f7cd,NVIDIA,4000,35:"
2,spread,dqn-better-2-spread-memhi-1-0,Failed,"GPU-fb6aaeaf-9ca4-3c9a-7b3b-f56714c1f7cd,NVIDIA,8000,10:"
2,spread,dqn-better-2-spread-pair-0-0,Failed,"GPU-27be0024-0498-4114-e6b9-b2d0db148309,NVIDIA,4000,15:GPU-28cf7186-0bdd-be9f-92e5-3c59b4e92c1e,NVIDIA,4000,15:"
2,spread,dqn-better-2-spread-pair-0-1,Running,"GPU-28cf7186-0bdd-be9f-92e5-3c59b4e92c1e,NVIDIA,4000,15:GPU-7b94f673-ce00-719b-2c94-706baa032dae,NVIDIA,4000,15:"
2,binpack,dqn-better-2-binpack-corehi-2-0,Running,"GPU-27be0024-0498-4114-e6b9-b2d0db148309,NVIDIA,4000,35:"
2,binpack,dqn-better-2-binpack-corehi-2-1,Running,"GPU-28cf7186-0bdd-be9f-92e5-3c59b4e92c1e,NVIDIA,4000,35:"
2,binpack,dqn-better-2-binpack-corehi-2-2,Running,"GPU-28cf7186-0bdd-be9f-92e5-3c59b4e92c1e,NVIDIA,4000,35:"
2,binpack,dqn-better-2-binpack-memhi-1-0,Failed,"GPU-27be0024-0498-4114-e6b9-b2d0db148309,NVIDIA,8000,10:"
2,binpack,dqn-better-2-binpack-pair-0-0,Failed,"GPU-27be0024-0498-4114-e6b9-b2d0db148309,NVIDIA,4000,15:GPU-28cf7186-0bdd-be9f-92e5-3c59b4e92c1e,NVIDIA,4000,15:"
2,binpack,dqn-better-2-binpack-pair-0-1,Running,"GPU-27be0024-0498-4114-e6b9-b2d0db148309,NVIDIA,4000,15:GPU-28cf7186-0bdd-be9f-92e5-3c59b4e92c1e,NVIDIA,4000,15:"
2,original,dqn-better-2-original-corehi-2-0,Running,"GPU-27be0024-0498-4114-e6b9-b2d0db148309,NVIDIA,4000,35:"
2,original,dqn-better-2-original-corehi-2-1,Running,"GPU-27be0024-0498-4114-e6b9-b2d0db148309,NVIDIA,4000,35:"
2,original,dqn-better-2-original-corehi-2-2,Running,"GPU-28cf7186-0bdd-be9f-92e5-3c59b4e92c1e,NVIDIA,4000,35:"
2,original,dqn-better-2-original-memhi-1-0,Failed,"GPU-27be0024-0498-4114-e6b9-b2d0db148309,NVIDIA,8000,10:"
2,original,dqn-better-2-original-pair-0-0,Failed,"GPU-27be0024-0498-4114-e6b9-b2d0db148309,NVIDIA,4000,15:GPU-28cf7186-0bdd-be9f-92e5-3c59b4e92c1e,NVIDIA,4000,15:"
2,original,dqn-better-2-original-pair-0-1,Running,"GPU-28cf7186-0bdd-be9f-92e5-3c59b4e92c1e,NVIDIA,4000,15:GPU-fb6aaeaf-9ca4-3c9a-7b3b-f56714c1f7cd,NVIDIA,4000,15:"
2,random,dqn-better-2-random-corehi-2-0,Running,"GPU-7b94f673-ce00-719b-2c94-706baa032dae,NVIDIA,4000,35:"
2,random,dqn-better-2-random-corehi-2-1,Running,"GPU-fb6aaeaf-9ca4-3c9a-7b3b-f56714c1f7cd,NVIDIA,4000,35:"
2,random,dqn-better-2-random-corehi-2-2,Running,"GPU-fb6aaeaf-9ca4-3c9a-7b3b-f56714c1f7cd,NVIDIA,4000,35:"
2,random,dqn-better-2-random-memhi-1-0,Failed,"GPU-fb6aaeaf-9ca4-3c9a-7b3b-f56714c1f7cd,NVIDIA,8000,10:"
2,random,dqn-better-2-random-pair-0-0,Running,"GPU-28cf7186-0bdd-be9f-92e5-3c59b4e92c1e,NVIDIA,4000,15:GPU-27be0024-0498-4114-e6b9-b2d0db148309,NVIDIA,4000,15:"
2,random,dqn-better-2-random-pair-0-1,Failed,"GPU-fb6aaeaf-9ca4-3c9a-7b3b-f56714c1f7cd,NVIDIA,4000,15:GPU-7b94f673-ce00-719b-2c94-706baa032dae,NVIDIA,4000,15:"
2,dqn-job,dqn-better-2-dqn-job-corehi-2-0,Failed,"GPU-7b94f673-ce00-719b-2c94-706baa032dae,NVIDIA,4000,35:"
2,dqn-job,dqn-better-2-dqn-job-corehi-2-1,Failed,"GPU-28cf7186-0bdd-be9f-92e5-3c59b4e92c1e,NVIDIA,4000,35:"
2,dqn-job,dqn-better-2-dqn-job-corehi-2-2,Running,"GPU-fb6aaeaf-9ca4-3c9a-7b3b-f56714c1f7cd,NVIDIA,4000,35:"
2,dqn-job,dqn-better-2-dqn-job-memhi-1-0,Running,"GPU-27be0024-0498-4114-e6b9-b2d0db148309,NVIDIA,8000,10:"
2,dqn-job,dqn-better-2-dqn-job-pair-0-0,Failed,"GPU-7b94f673-ce00-719b-2c94-706baa032dae,NVIDIA,4000,15:GPU-27be0024-0498-4114-e6b9-b2d0db148309,NVIDIA,4000,15:"
2,dqn-job,dqn-better-2-dqn-job-pair-0-1,Failed,"GPU-fb6aaeaf-9ca4-3c9a-7b3b-f56714c1f7cd,NVIDIA,4000,15:GPU-28cf7186-0bdd-be9f-92e5-3c59b4e92c1e,NVIDIA,4000,15:"
3,spread,dqn-better-3-spread-corehi-2-0,Failed,"GPU-7b94f673-ce00-719b-2c94-706baa032dae,NVIDIA,4000,35:"
3,spread,dqn-better-3-spread-memhi-1-0,Failed,"GPU-27be0024-0498-4114-e6b9-b2d0db148309,NVIDIA,8000,10:"
3,spread,dqn-better-3-spread-pair-0-0,Running,"GPU-28cf7186-0bdd-be9f-92e5-3c59b4e92c1e,NVIDIA,4000,15:GPU-fb6aaeaf-9ca4-3c9a-7b3b-f56714c1f7cd,NVIDIA,4000,15:"
3,spread,dqn-better-3-spread-pair-0-1,Failed,"GPU-28cf7186-0bdd-be9f-92e5-3c59b4e92c1e,NVIDIA,4000,15:GPU-fb6aaeaf-9ca4-3c9a-7b3b-f56714c1f7cd,NVIDIA,4000,15:"
3,spread,dqn-better-3-spread-pair-0-2,Failed,"GPU-7b94f673-ce00-719b-2c94-706baa032dae,NVIDIA,4000,15:GPU-27be0024-0498-4114-e6b9-b2d0db148309,NVIDIA,4000,15:"
3,binpack,dqn-better-3-binpack-corehi-2-0,Failed,"GPU-27be0024-0498-4114-e6b9-b2d0db148309,NVIDIA,4000,35:"
3,binpack,dqn-better-3-binpack-memhi-1-0,Running,"GPU-27be0024-0498-4114-e6b9-b2d0db148309,NVIDIA,8000,10:"
3,binpack,dqn-better-3-binpack-pair-0-0,Running,"GPU-27be0024-0498-4114-e6b9-b2d0db148309,NVIDIA,4000,15:GPU-28cf7186-0bdd-be9f-92e5-3c59b4e92c1e,NVIDIA,4000,15:"
3,binpack,dqn-better-3-binpack-pair-0-1,Running,"GPU-27be0024-0498-4114-e6b9-b2d0db148309,NVIDIA,4000,15:GPU-28cf7186-0bdd-be9f-92e5-3c59b4e92c1e,NVIDIA,4000,15:"
3,binpack,dqn-better-3-binpack-pair-0-2,Failed,"GPU-27be0024-0498-4114-e6b9-b2d0db148309,NVIDIA,4000,15:GPU-28cf7186-0bdd-be9f-92e5-3c59b4e92c1e,NVIDIA,4000,15:"
3,original,dqn-better-3-original-corehi-2-0,Running,"GPU-27be0024-0498-4114-e6b9-b2d0db148309,NVIDIA,4000,35:"
3,original,dqn-better-3-original-memhi-1-0,Failed,"GPU-27be0024-0498-4114-e6b9-b2d0db148309,NVIDIA,8000,10:"
3,original,dqn-better-3-original-pair-0-0,Running,"GPU-27be0024-0498-4114-e6b9-b2d0db148309,NVIDIA,4000,15:GPU-28cf7186-0bdd-be9f-92e5-3c59b4e92c1e,NVIDIA,4000,15:"
3,original,dqn-better-3-original-pair-0-1,Running,"GPU-27be0024-0498-4114-e6b9-b2d0db148309,NVIDIA,4000,15:GPU-28cf7186-0bdd-be9f-92e5-3c59b4e92c1e,NVIDIA,4000,15:"
3,original,dqn-better-3-original-pair-0-2,Failed,"GPU-27be0024-0498-4114-e6b9-b2d0db148309,NVIDIA,4000,15:GPU-28cf7186-0bdd-be9f-92e5-3c59b4e92c1e,NVIDIA,4000,15:"
3,random,dqn-better-3-random-corehi-2-0,Running,"GPU-7b94f673-ce00-719b-2c94-706baa032dae,NVIDIA,4000,35:"
3,random,dqn-better-3-random-memhi-1-0,Failed,"GPU-7b94f673-ce00-719b-2c94-706baa032dae,NVIDIA,8000,10:"
3,random,dqn-better-3-random-pair-0-0,Running,"GPU-27be0024-0498-4114-e6b9-b2d0db148309,NVIDIA,4000,15:GPU-28cf7186-0bdd-be9f-92e5-3c59b4e92c1e,NVIDIA,4000,15:"
3,random,dqn-better-3-random-pair-0-1,Running,"GPU-27be0024-0498-4114-e6b9-b2d0db148309,NVIDIA,4000,15:GPU-28cf7186-0bdd-be9f-92e5-3c59b4e92c1e,NVIDIA,4000,15:"
3,random,dqn-better-3-random-pair-0-2,Failed,"GPU-27be0024-0498-4114-e6b9-b2d0db148309,NVIDIA,4000,15:GPU-28cf7186-0bdd-be9f-92e5-3c59b4e92c1e,NVIDIA,4000,15:"
3,dqn-job,dqn-better-3-dqn-job-corehi-2-0,Running,"GPU-7b94f673-ce00-719b-2c94-706baa032dae,NVIDIA,4000,35:"
3,dqn-job,dqn-better-3-dqn-job-memhi-1-0,Failed,"GPU-fb6aaeaf-9ca4-3c9a-7b3b-f56714c1f7cd,NVIDIA,8000,10:"
3,dqn-job,dqn-better-3-dqn-job-pair-0-0,Running,"GPU-28cf7186-0bdd-be9f-92e5-3c59b4e92c1e,NVIDIA,4000,15:GPU-27be0024-0498-4114-e6b9-b2d0db148309,NVIDIA,4000,15:"
3,dqn-job,dqn-better-3-dqn-job-pair-0-1,Running,"GPU-7b94f673-ce00-719b-2c94-706baa032dae,NVIDIA,4000,15:GPU-28cf7186-0bdd-be9f-92e5-3c59b4e92c1e,NVIDIA,4000,15:"
3,dqn-job,dqn-better-3-dqn-job-pair-0-2,Failed,"GPU-27be0024-0498-4114-e6b9-b2d0db148309,NVIDIA,4000,15:GPU-fb6aaeaf-9ca4-3c9a-7b3b-f56714c1f7cd,NVIDIA,4000,15:"
4,spread,dqn-better-4-spread-corehi-1-0,Running,"GPU-fb6aaeaf-9ca4-3c9a-7b3b-f56714c1f7cd,NVIDIA,4000,35:"
4,spread,dqn-better-4-spread-corehi-1-1,Running,"GPU-27be0024-0498-4114-e6b9-b2d0db148309,NVIDIA,4000,35:"
4,spread,dqn-better-4-spread-fatpair-0-0,Running,"GPU-27be0024-0498-4114-e6b9-b2d0db148309,NVIDIA,8000,20:GPU-28cf7186-0bdd-be9f-92e5-3c59b4e92c1e,NVIDIA,8000,20:"
4,spread,dqn-better-4-spread-fatpair-0-1,Running,"GPU-7b94f673-ce00-719b-2c94-706baa032dae,NVIDIA,8000,20:GPU-fb6aaeaf-9ca4-3c9a-7b3b-f56714c1f7cd,NVIDIA,8000,20:"
4,binpack,dqn-better-4-binpack-corehi-1-0,Failed,"GPU-27be0024-0498-4114-e6b9-b2d0db148309,NVIDIA,4000,35:"
4,binpack,dqn-better-4-binpack-corehi-1-1,Running,"GPU-27be0024-0498-4114-e6b9-b2d0db148309,NVIDIA,4000,35:"
4,binpack,dqn-better-4-binpack-fatpair-0-0,Failed,"GPU-27be0024-0498-4114-e6b9-b2d0db148309,NVIDIA,8000,20:GPU-28cf7186-0bdd-be9f-92e5-3c59b4e92c1e,NVIDIA,8000,20:"
4,binpack,dqn-better-4-binpack-fatpair-0-1,Running,"GPU-28cf7186-0bdd-be9f-92e5-3c59b4e92c1e,NVIDIA,8000,20:GPU-fb6aaeaf-9ca4-3c9a-7b3b-f56714c1f7cd,NVIDIA,8000,20:"
4,original,dqn-better-4-original-corehi-1-0,Failed,"GPU-27be0024-0498-4114-e6b9-b2d0db148309,NVIDIA,4000,35:"
4,original,dqn-better-4-original-corehi-1-1,Failed,"GPU-27be0024-0498-4114-e6b9-b2d0db148309,NVIDIA,4000,35:"
4,original,dqn-better-4-original-fatpair-0-0,Failed,"GPU-27be0024-0498-4114-e6b9-b2d0db148309,NVIDIA,8000,20:GPU-28cf7186-0bdd-be9f-92e5-3c59b4e92c1e,NVIDIA,8000,20:"
4,original,dqn-better-4-original-fatpair-0-1,Failed,"GPU-28cf7186-0bdd-be9f-92e5-3c59b4e92c1e,NVIDIA,8000,20:GPU-fb6aaeaf-9ca4-3c9a-7b3b-f56714c1f7cd,NVIDIA,8000,20:"
4,random,dqn-better-4-random-corehi-1-0,Failed,"GPU-28cf7186-0bdd-be9f-92e5-3c59b4e92c1e,NVIDIA,4000,35:"
4,random,dqn-better-4-random-corehi-1-1,Running,"GPU-27be0024-0498-4114-e6b9-b2d0db148309,NVIDIA,4000,35:"
4,random,dqn-better-4-random-fatpair-0-0,Failed,"GPU-28cf7186-0bdd-be9f-92e5-3c59b4e92c1e,NVIDIA,8000,20:GPU-27be0024-0498-4114-e6b9-b2d0db148309,NVIDIA,8000,20:"
4,random,dqn-better-4-random-fatpair-0-1,Running,"GPU-27be0024-0498-4114-e6b9-b2d0db148309,NVIDIA,8000,20:GPU-28cf7186-0bdd-be9f-92e5-3c59b4e92c1e,NVIDIA,8000,20:"
4,dqn-job,dqn-better-4-dqn-job-corehi-1-0,Failed,"GPU-7b94f673-ce00-719b-2c94-706baa032dae,NVIDIA,4000,35:"
4,dqn-job,dqn-better-4-dqn-job-corehi-1-1,Running,"GPU-fb6aaeaf-9ca4-3c9a-7b3b-f56714c1f7cd,NVIDIA,4000,35:"
4,dqn-job,dqn-better-4-dqn-job-fatpair-0-0,Running,"GPU-27be0024-0498-4114-e6b9-b2d0db148309,NVIDIA,8000,20:GPU-28cf7186-0bdd-be9f-92e5-3c59b4e92c1e,NVIDIA,8000,20:"
4,dqn-job,dqn-better-4-dqn-job-fatpair-0-1,Failed,"GPU-7b94f673-ce00-719b-2c94-706baa032dae,NVIDIA,8000,20:GPU-fb6aaeaf-9ca4-3c9a-7b3b-f56714c1f7cd,NVIDIA,8000,20:"
5,spread,dqn-better-5-spread-corehi-1-0,Running,"GPU-27be0024-0498-4114-e6b9-b2d0db148309,NVIDIA,4000,35:"
5,spread,dqn-better-5-spread-corehi-1-1,Running,"GPU-fb6aaeaf-9ca4-3c9a-7b3b-f56714c1f7cd,NVIDIA,4000,35:"
5,spread,dqn-better-5-spread-corehi-1-2,Running,"GPU-27be0024-0498-4114-e6b9-b2d0db148309,NVIDIA,4000,35:"
5,spread,dqn-better-5-spread-memhi-0-0,Running,"GPU-28cf7186-0bdd-be9f-92e5-3c59b4e92c1e,NVIDIA,8000,10:"
5,spread,dqn-better-5-spread-memhi-0-1,Running,"GPU-7b94f673-ce00-719b-2c94-706baa032dae,NVIDIA,8000,10:"
5,spread,dqn-better-5-spread-memhi-0-2,Running,"GPU-fb6aaeaf-9ca4-3c9a-7b3b-f56714c1f7cd,NVIDIA,8000,10:"
5,binpack,dqn-better-5-binpack-corehi-1-0,Running,"GPU-27be0024-0498-4114-e6b9-b2d0db148309,NVIDIA,4000,35:"
5,binpack,dqn-better-5-binpack-corehi-1-1,Running,"GPU-27be0024-0498-4114-e6b9-b2d0db148309,NVIDIA,4000,35:"
5,binpack,dqn-better-5-binpack-corehi-1-2,Running,"GPU-28cf7186-0bdd-be9f-92e5-3c59b4e92c1e,NVIDIA,4000,35:"
5,binpack,dqn-better-5-binpack-memhi-0-0,Running,"GPU-27be0024-0498-4114-e6b9-b2d0db148309,NVIDIA,8000,10:"
5,binpack,dqn-better-5-binpack-memhi-0-1,Running,"GPU-27be0024-0498-4114-e6b9-b2d0db148309,NVIDIA,8000,10:"
5,binpack,dqn-better-5-binpack-memhi-0-2,Running,"GPU-28cf7186-0bdd-be9f-92e5-3c59b4e92c1e,NVIDIA,8000,10:"
5,original,dqn-better-5-original-corehi-1-0,Running,"GPU-27be0024-0498-4114-e6b9-b2d0db148309,NVIDIA,4000,35:"
5,original,dqn-better-5-original-corehi-1-1,Running,"GPU-27be0024-0498-4114-e6b9-b2d0db148309,NVIDIA,4000,35:"
5,original,dqn-better-5-original-corehi-1-2,Running,"GPU-28cf7186-0bdd-be9f-92e5-3c59b4e92c1e,NVIDIA,4000,35:"
5,original,dqn-better-5-original-memhi-0-0,Running,"GPU-27be0024-0498-4114-e6b9-b2d0db148309,NVIDIA,8000,10:"
5,original,dqn-better-5-original-memhi-0-1,Running,"GPU-27be0024-0498-4114-e6b9-b2d0db148309,NVIDIA,8000,10:"
5,original,dqn-better-5-original-memhi-0-2,Running,"GPU-28cf7186-0bdd-be9f-92e5-3c59b4e92c1e,NVIDIA,8000,10:"
5,random,dqn-better-5-random-corehi-1-0,Running,"GPU-28cf7186-0bdd-be9f-92e5-3c59b4e92c1e,NVIDIA,4000,35:"
5,random,dqn-better-5-random-corehi-1-1,Running,"GPU-fb6aaeaf-9ca4-3c9a-7b3b-f56714c1f7cd,NVIDIA,4000,35:"
5,random,dqn-better-5-random-corehi-1-2,Running,"GPU-27be0024-0498-4114-e6b9-b2d0db148309,NVIDIA,4000,35:"
5,random,dqn-better-5-random-memhi-0-0,Running,"GPU-27be0024-0498-4114-e6b9-b2d0db148309,NVIDIA,8000,10:"
5,random,dqn-better-5-random-memhi-0-1,Running,"GPU-28cf7186-0bdd-be9f-92e5-3c59b4e92c1e,NVIDIA,8000,10:"
5,random,dqn-better-5-random-memhi-0-2,Running,"GPU-27be0024-0498-4114-e6b9-b2d0db148309,NVIDIA,8000,10:"
